{
  "generated_at": "2026-03-25T23:26:55.065633+00:00",
  "metrics": {
    "overall_success_rate": 0.5666666666666667,
    "success_rate_by_jurisdiction": {
      "Draper": {
        "count": 15,
        "success_rate": 0.26666666666666666
      },
      "Provo": {
        "count": 15,
        "success_rate": 0.26666666666666666
      },
      "Salt Lake City": {
        "count": 15,
        "success_rate": 0.8666666666666667
      },
      "West Valley City": {
        "count": 15,
        "success_rate": 0.8666666666666667
      }
    },
    "failure_distribution": {
      "ZONING_CONSTRAINT_FAIL": 10,
      "SOLVER_FAIL": 13,
      "GEOMETRY_INVALID": 3
    }
  }
}